178,174,175,252113,2023-9-9_15-2-0-803318.png
176,175,175,262639,2023-9-9_15-3-50-649797.png
176,175,172,260878,2023-9-9_15-7-16-345741.png
177,173,174,251473,2023-9-9_15-7-38-298230.png
176,176,175,243329,2023-9-9_15-7-41-456291.png
176,176,175,248276,2023-9-9_15-7-48-389999.png
179,176,174,240365,2023-9-9_15-8-24-224572.png
176,177,174,248402,2023-9-9_15-8-43-895519.png
178,177,173,237427,2023-9-9_15-9-41-989343.png
177,177,173,240761,2023-9-9_15-9-44-510847.png
177,177,173,239667,2023-9-9_15-9-46-890406.png
177,176,175,244479,2023-9-9_15-10-6-261317.png
178,177,172,229161,2023-9-9_15-10-58-230703.png
179,176,168,218165,2023-9-9_15-13-37-117572.png
177,176,172,222348,2023-9-9_15-15-39-704958.png
179,175,172,218269,2023-9-9_15-21-17-524181.png
176,175,172,242617,2023-9-9_15-22-38-218168.png
176,175,171,242936,2023-9-9_15-24-11-236020.png
176,176,171,241621,2023-9-9_15-24-15-362096.png
176,176,172,234951,2023-9-9_15-24-24-851945.png
176,175,171,242772,2023-9-9_15-24-46-894821.png
175,175,171,244649,2023-9-9_15-25-8-56472.png
175,175,174,252425,2023-9-9_15-28-17-586867.png
176,172,169,250475,2023-9-9_15-42-18-435972.png
177,176,172,225967,2023-9-9_15-45-22-505682.png
177,176,173,228401,2023-9-9_15-46-35-771871.png
177,176,172,233554,2023-9-9_15-46-44-757574.png
179,175,173,230573,2023-9-9_15-47-29-594030.png
175,174,172,248193,2023-9-9_15-48-18-806898.png
175,174,170,249558,2023-9-9_15-48-53-831189.png
175,173,170,244624,2023-9-9_15-53-56-795354.png
175,174,170,244862,2023-9-9_15-54-26-167594.png
176,176,173,220173,2023-9-9_15-54-51-374977.png
176,176,173,218862,2023-9-9_15-54-54-866455.png
176,176,173,217940,2023-9-9_15-54-56-894608.png
178,175,172,216682,2023-9-9_15-55-40-87747.png
177,176,172,223397,2023-9-9_15-56-7-82528.png
177,176,172,223995,2023-9-9_15-57-24-529192.png
177,176,172,221874,2023-9-9_15-57-58-719532.png
178,174,173,224406,2023-9-9_15-59-9-573319.png
176,176,174,234016,2023-9-9_15-59-17-427986.png
178,174,173,229458,2023-9-9_16-0-4-679294.png
176,175,173,237237,2023-9-9_16-0-10-145020.png
178,174,173,228864,2023-9-9_16-1-44-234314.png
174,173,173,259412,2023-9-9_16-1-48-20308.png
175,172,171,259189,2023-9-9_16-12-54-157239.png
174,173,172,258934,2023-9-9_16-15-37-33279.png
175,174,167,241101,2023-9-9_16-18-54-63869.png
175,171,171,267356,2023-9-9_16-20-34-122.png
171,168,160,285567,2023-9-9_17-11-10-904961.png
180,173,166,255491,2023-9-18_17-53-25-529914.png
177,170,160,256294,2023-9-18_17-57-5-311019.png
174,162,153,262134,2023-9-18_17-59-21-184602.png
174,174,168,259141,2023-9-18_17-59-46-437946.png
173,172,165,259257,2023-9-18_18-0-24-11755.png
178,157,102,307195,2023-9-19_16-54-13-900704.png
191,189,186,263958,2023-9-19_17-6-51-658377.png
193,193,192,264650,2023-9-19_17-6-56-400159.png
193,194,192,264353,2023-9-19_17-6-58-400427.png
195,197,195,270072,2023-9-19_17-10-11-482037.png
196,196,195,276106,2023-9-19_17-13-58-601821.png
198,204,202,277455,2023-9-19_17-14-9-808278.png
199,205,203,279161,2023-9-19_17-15-39-880447.png
198,200,199,279277,2023-9-19_17-17-20-485770.png
194,197,193,264310,2023-9-19_17-17-22-748435.png
199,205,203,276828,2023-9-19_17-21-28-630117.png
200,207,205,278210,2023-9-19_17-23-39-80129.png
201,209,207,279381,2023-9-19_17-25-18-432834.png
200,209,208,279662,2023-9-19_17-25-25-555774.png
202,210,209,281219,2023-9-19_17-27-9-730401.png
203,227,231,289175,2023-9-19_17-36-39-854736.png
188,177,169,252312,2023-9-19_17-39-44-47068.png
191,193,186,264241,2023-9-19_17-40-58-283251.png
192,194,189,267368,2023-9-19_17-41-37-440550.png
152,185,198,296868,2023-9-19_18-10-44-953369.png
180,169,144,306154,2023-9-19_18-23-19-915532.png
170,171,161,277872,2023-9-19_18-23-45-816952.png
170,171,159,278890,2023-9-19_18-24-4-24739.png
167,172,158,278766,2023-9-19_18-24-6-893540.png
171,168,154,296054,2023-9-19_18-25-38-679059.png
167,172,157,285225,2023-9-19_18-25-40-896414.png
166,171,160,285640,2023-9-19_18-25-43-49528.png
171,172,155,306446,2023-9-19_18-25-46-448451.png
178,175,154,305655,2023-9-19_18-25-48-144847.png
171,170,148,306544,2023-9-19_18-31-51-285274.png
194,193,171,285063,2023-9-19_18-35-25-470668.png
214,216,197,301820,2023-9-19_18-35-43-325008.png
202,203,180,299111,2023-9-19_18-36-52-475810.png
159,182,188,296350,2023-9-19_18-56-10-362326.png
181,182,175,280954,2023-9-19_18-56-24-418670.png
178,179,173,283599,2023-9-19_18-57-21-226154.png
178,179,173,284959,2023-9-19_18-57-33-174915.png
171,177,175,286050,2023-9-19_18-59-9-601992.png
174,180,178,286140,2023-9-19_18-59-52-246673.png
173,179,177,286009,2023-9-19_19-0-3-623653.png
173,180,178,285905,2023-9-19_19-0-5-756402.png
172,179,178,286281,2023-9-19_19-0-33-421781.png
163,180,185,290882,2023-9-19_19-2-34-960787.png
185,183,180,293952,2023-9-19_19-2-40-781545.png
186,182,179,293853,2023-9-19_19-2-42-511989.png
200,210,213,295803,2023-9-19_19-34-40-760079.png
181,192,195,292449,2023-9-19_19-34-42-889281.png
176,186,188,280023,2023-9-19_19-34-58-350672.png
176,187,190,288404,2023-9-19_19-35-1-100628.png
178,189,192,289329,2023-9-19_19-35-2-452996.png
169,175,176,303391,2023-9-19_19-35-7-220734.png
188,194,197,303398,2023-9-19_19-35-10-597434.png
185,191,192,303096,2023-9-19_19-35-13-43447.png
139,172,186,306410,2023-9-19_19-35-15-651279.png
136,185,198,139796,2023-9-19_19-35-21-955228.png
165,199,204,273461,2023-9-19_19-35-32-933931.png
174,205,207,273356,2023-9-19_19-35-35-199655.png
192,186,158,214462,2023-10-12_14-27-41-609342.png
192,186,158,214314,2023-10-12_14-27-43-554795.png
187,180,152,266752,2023-10-12_14-27-44-952130.png
192,183,148,194631,2023-10-12_14-27-49-804454.png
174,164,124,232150,2023-10-12_14-28-8-468424.png
175,177,170,306858,2023-10-12_14-32-27-354198.png
167,169,167,290590,2023-10-13_13-58-10-817214.png
186,185,185,210673,2023-10-13_13-58-25-29193.png
167,168,164,306028,2023-10-13_14-1-11-913435.png
170,175,173,296618,2023-10-13_14-2-10-319414.png
188,207,214,301086,2023-10-13_14-2-55-255788.png
142,161,169,307182,2023-10-13_14-3-0-703311.png
197,215,221,297044,2023-10-13_14-8-0-577328.png
174,200,209,303267,2023-10-13_14-8-22-9529.png
162,193,205,303135,2023-10-13_14-9-51-985519.png
169,166,167,278542,2023-10-13_14-11-31-388347.png
181,180,179,218428,2023-10-13_14-11-36-950483.png
201,198,198,244920,2023-10-13_14-11-39-65309.png
185,158,108,307182,2023-10-21_10-52-47-794349.png
238,238,233,273469,2023-10-21_10-52-50-567977.png
235,233,230,279155,2023-10-21_10-53-41-407128.png
238,237,233,273615,2023-10-21_10-53-47-59225.png
235,234,230,274302,2023-10-21_10-53-51-746277.png
222,225,217,297385,2023-10-21_10-53-56-75766.png
235,230,224,281360,2023-10-21_10-53-59-441304.png
209,198,162,304707,2023-10-21_10-54-5-105536.png
154,192,176,287708,2023-10-21_10-54-7-873086.png
227,221,184,280336,2023-10-21_10-54-9-909191.png
234,219,176,278490,2023-10-21_10-54-12-293283.png
230,214,181,277684,2023-10-21_10-54-14-415313.png
229,218,194,274759,2023-10-21_10-54-16-158762.png
230,216,188,274093,2023-10-21_10-54-18-991951.png
233,231,219,268019,2023-10-21_10-59-49-166392.png
237,234,231,262831,2023-10-21_11-0-11-515428.png
238,238,234,273097,2023-10-21_11-0-36-875908.png
235,234,228,268761,2023-10-21_11-1-24-560439.png
236,232,226,265874,2023-10-21_11-6-6-199039.png
233,229,220,271846,2023-10-21_11-45-19-683359.png
234,232,223,272731,2023-10-21_11-50-34-535667.png
235,230,224,269153,2023-10-21_11-54-10-144261.png
237,230,214,273125,2023-11-2_8-39-43-601681.png
228,223,214,261407,2023-11-2_8-59-8-714038.png
219,216,210,260025,2023-11-2_8-59-44-198286.png
224,219,209,255919,2023-11-2_9-0-18-49185.png
203,196,191,256371,2023-11-2_10-22-47-71800.png
166,180,186,7436296,2023-11-2_11-38-30-727520.png
166,180,186,7436296,2023-11-2_11-40-37-372667.png
166,180,186,7436296,2023-11-2_11-42-25-105226.png
216,211,202,276643,2023-11-2_11-48-30-707633.png
218,213,203,274161,2023-11-2_11-50-22-415124.png
206,198,187,276674,2023-11-2_11-53-29-789909.png
234,224,202,284527,2023-11-2_11-55-2-418267.png
227,219,203,280646,2023-11-2_11-55-41-424033.png
236,228,209,277120,2023-11-2_11-56-6-592992.png
166,180,186,7436296,2023-11-2_11-57-48-843992.png
159,171,176,3746700,2023-11-2_12-4-13-587515.png
158,170,176,139326,2023-11-2_18-51-9-731539.png
158,170,176,139326,2023-11-2_18-51-31-715825.png
196,168,150,234850,2023-11-2_18-54-51-849470.png
189,170,149,240162,2023-11-2_18-56-7-587726.png
190,169,149,236091,2023-11-2_18-56-46-169838.png
158,170,176,139326,2023-11-2_18-57-18-770590.png
163,175,180,320939,2023-11-2_19-11-12-641921.png
163,175,180,320939,2023-11-2_19-12-39-409507.png
163,175,180,320939,2023-11-2_19-16-30-208861.png
163,175,180,320939,2023-11-2_19-18-2-557148.png
163,175,180,320939,2023-11-2_19-20-16-543081.png
163,175,180,320939,2023-11-2_19-21-11-923758.png
163,175,180,320939,2023-11-2_19-21-58-773310.png
163,175,180,320939,2023-11-2_19-22-40-564338.png
163,175,180,320939,2023-11-2_19-23-5-358726.png
163,175,180,320939,2023-11-2_19-24-21-536838.png
163,175,180,320939,2023-11-2_19-25-59-273230.png
163,175,180,320939,2023-11-2_19-27-8-799021.png
163,175,180,320939,2023-11-2_19-27-55-667578.png
163,175,180,320939,2023-11-2_19-28-20-59893.png
163,175,180,320939,2023-11-2_19-28-56-490878.png
163,175,180,320939,2023-11-2_19-29-15-26829.png
163,175,180,320939,2023-11-2_19-30-33-109259.png
163,175,180,320939,2023-11-2_19-30-56-990007.png
163,175,180,320939,2023-11-2_19-31-28-37027.png
163,175,180,320939,2023-11-2_19-42-52-475550.png
163,175,180,320939,2023-11-2_19-43-39-728675.png
163,175,180,320939,2023-11-2_19-44-48-42581.png
163,175,180,320939,2023-11-2_19-45-20-742829.png
163,175,180,320939,2023-11-2_19-46-36-929382.png
163,175,180,320939,2023-11-2_20-1-32-873760.png
163,175,180,320939,2023-11-2_20-4-12-242031.png
